{"cameraMode":{"drawMode":0,"name":"Shaded","section":"Shading Mode"},"sceneLighting":true,"audioPlay":false,"sceneViewState":{"m_AlwaysRefresh":false,"showFog":true,"showSkybox":false,"showFlares":true,"showImageEffects":true,"showParticleSystems":true,"showVisualEffectGraphs":true,"m_FxEnabled":true},"in2DMode":false,"pivot":{"x":0.08170172572135925,"y":-3.1850128173828127,"z":-2.0718345642089845},"rotation":{"x":0.4921983480453491,"y":0.014984672889113427,"z":-0.007519165985286236,"w":0.8700593709945679},"size":10.527578353881836,"orthographic":false}