{"cameraMode":{"drawMode":0,"name":"Shaded","section":"Shading Mode"},"sceneLighting":true,"audioPlay":false,"sceneViewState":{"m_AlwaysRefresh":false,"showFog":true,"showSkybox":false,"showFlares":true,"showImageEffects":true,"showParticleSystems":true,"showVisualEffectGraphs":true,"m_FxEnabled":true},"in2DMode":false,"pivot":{"x":0.18839740753173829,"y":-0.5078921318054199,"z":0.11167669296264649},"rotation":{"x":0.20799051225185395,"y":0.21840208768844605,"z":-0.046516302973032,"w":0.9521334171295166},"size":3.5223848819732668,"orthographic":false}