{"cameraMode":{"drawMode":0,"name":"Shaded","section":"Shading Mode"},"sceneLighting":true,"audioPlay":false,"sceneViewState":{"m_AlwaysRefresh":false,"showFog":true,"showSkybox":false,"showFlares":true,"showImageEffects":true,"showParticleSystems":true,"showVisualEffectGraphs":true,"m_FxEnabled":true},"in2DMode":false,"pivot":{"x":1.0527993440628052,"y":-10.480939865112305,"z":-20.211193084716798},"rotation":{"x":0.21011139452457429,"y":-0.02158074639737606,"z":0.005469064693897963,"w":0.9771948456764221},"size":20.675785064697267,"orthographic":false}