{"cameraMode":{"drawMode":0,"name":"Shaded","section":"Shading Mode"},"sceneLighting":true,"audioPlay":false,"sceneViewState":{"m_AlwaysRefresh":false,"showFog":true,"showSkybox":false,"showFlares":true,"showImageEffects":true,"showParticleSystems":true,"showVisualEffectGraphs":true,"m_FxEnabled":true},"in2DMode":false,"pivot":{"x":-0.41559889912605288,"y":-10.973743438720704,"z":-7.885809421539307},"rotation":{"x":0.4117867648601532,"y":-0.030863767489790918,"z":0.01484983041882515,"w":0.910390317440033},"size":5.065484046936035,"orthographic":false}