{"cameraMode":{"drawMode":0,"name":"Shaded","section":"Shading Mode"},"sceneLighting":false,"audioPlay":false,"sceneViewState":{"m_AlwaysRefresh":false,"showFog":true,"showSkybox":false,"showFlares":true,"showImageEffects":true,"showParticleSystems":true,"showVisualEffectGraphs":true,"m_FxEnabled":true},"in2DMode":false,"pivot":{"x":0.30825328826904299,"y":-0.19800329208374024,"z":0.35309410095214846},"rotation":{"x":0.09505171328783035,"y":0.15788386762142182,"z":-0.014430991373956204,"w":0.9825337529182434},"size":16.217830657958986,"orthographic":false}