{"cameraMode":{"drawMode":0,"name":"Shaded","section":"Shading Mode"},"sceneLighting":true,"audioPlay":false,"sceneViewState":{"m_AlwaysRefresh":false,"showFog":true,"showSkybox":true,"showFlares":true,"showImageEffects":true,"showParticleSystems":true,"showVisualEffectGraphs":true,"m_FxEnabled":true},"in2DMode":false,"pivot":{"x":2.819578170776367,"y":0.5422344207763672,"z":0.6353974342346191},"rotation":{"x":0.37618109583854678,"y":-0.014628484845161438,"z":0.007204905617982149,"w":0.9262329339981079},"size":13.94527530670166,"orthographic":false}