{"cameraMode":{"drawMode":0,"name":"Shaded","section":"Shading Mode"},"sceneLighting":true,"audioPlay":false,"sceneViewState":{"m_AlwaysRefresh":false,"showFog":true,"showSkybox":true,"showFlares":true,"showImageEffects":true,"showParticleSystems":true,"showVisualEffectGraphs":true,"m_FxEnabled":true},"in2DMode":false,"pivot":{"x":50.55415344238281,"y":3.1516332626342775,"z":2.2060515880584719},"rotation":{"x":0.3552522361278534,"y":-0.014759180136024952,"z":0.006950104609131813,"w":0.9344786405563355},"size":11.25165843963623,"orthographic":false}