{"cameraMode":{"drawMode":0,"name":"Shaded","section":"Shading Mode"},"sceneLighting":false,"audioPlay":false,"sceneViewState":{"m_AlwaysRefresh":false,"showFog":true,"showSkybox":false,"showFlares":true,"showImageEffects":true,"showParticleSystems":true,"showVisualEffectGraphs":true,"m_FxEnabled":true},"in2DMode":false,"pivot":{"x":0.34973329305648806,"y":-1.7130210399627686,"z":0.3289299011230469},"rotation":{"x":0.38540202379226687,"y":0.09138429909944534,"z":-0.03828045725822449,"w":0.9171324372291565},"size":3.538100242614746,"orthographic":false}