{"cameraMode":{"drawMode":0,"name":"Shaded","section":"Shading Mode"},"sceneLighting":true,"audioPlay":false,"sceneViewState":{"m_AlwaysRefresh":false,"showFog":true,"showSkybox":false,"showFlares":true,"showImageEffects":true,"showParticleSystems":true,"showVisualEffectGraphs":true,"m_FxEnabled":true},"in2DMode":false,"pivot":{"x":5.440000057220459,"y":2.9300003051757814,"z":-2.384185791015625e-7},"rotation":{"x":0.33841630816459658,"y":0.004764356184750795,"z":-0.0007635565125383437,"w":0.9407621026039124},"size":2.4494898319244386,"orthographic":false}