{"cameraMode":{"drawMode":0,"name":"Shaded","section":"Shading Mode"},"sceneLighting":false,"audioPlay":false,"sceneViewState":{"m_AlwaysRefresh":false,"showFog":true,"showSkybox":false,"showFlares":true,"showImageEffects":true,"showParticleSystems":true,"showVisualEffectGraphs":true,"m_FxEnabled":true},"in2DMode":false,"pivot":{"x":1.2657650709152222,"y":0.10851261764764786,"z":3.8066322803497316},"rotation":{"x":0.02140142396092415,"y":-0.17293556034564973,"z":-0.0034915071446448566,"w":-0.9843674302101135},"size":1.6599339246749879,"orthographic":false}