{"cameraMode":{"drawMode":0,"name":"Shaded","section":"Shading Mode"},"sceneLighting":false,"audioPlay":false,"sceneViewState":{"m_AlwaysRefresh":false,"showFog":true,"showSkybox":false,"showFlares":true,"showImageEffects":true,"showParticleSystems":true,"showVisualEffectGraphs":true,"m_FxEnabled":true},"in2DMode":false,"pivot":{"x":164.53939819335938,"y":586.7922973632813,"z":16.95458984375},"rotation":{"x":0.012326723895967007,"y":0.03474172577261925,"z":0.00041422105277888477,"w":0.9990929365158081},"size":274.45208740234377,"orthographic":false}