{"cameraMode":{"drawMode":0,"name":"Shaded","section":"Shading Mode"},"sceneLighting":false,"audioPlay":false,"sceneViewState":{"m_AlwaysRefresh":false,"showFog":true,"showSkybox":false,"showFlares":true,"showImageEffects":true,"showParticleSystems":true,"showVisualEffectGraphs":true,"m_FxEnabled":true},"in2DMode":false,"pivot":{"x":175.1548614501953,"y":435.8067932128906,"z":-2.6149749755859377},"rotation":{"x":-0.010196376591920853,"y":-0.0087561821565032,"z":0.0007423721835948527,"w":0.9996803998947144},"size":210.47671508789063,"orthographic":false}