{"cameraMode":{"drawMode":0,"name":"Shaded","section":"Shading Mode"},"sceneLighting":true,"audioPlay":false,"sceneViewState":{"m_AlwaysRefresh":false,"showFog":true,"showSkybox":false,"showFlares":true,"showImageEffects":true,"showParticleSystems":true,"showVisualEffectGraphs":true,"m_FxEnabled":true},"in2DMode":false,"pivot":{"x":3.3065710067749025,"y":0.8675765991210938,"z":-0.5195536613464356},"rotation":{"x":0.14716336131095887,"y":0.6307029724121094,"z":-0.12190531939268112,"w":0.7519069910049439},"size":5.581385612487793,"orthographic":false}