{"cameraMode":{"drawMode":0,"name":"Shaded","section":"Shading Mode"},"sceneLighting":true,"audioPlay":false,"sceneViewState":{"m_AlwaysRefresh":false,"showFog":true,"showSkybox":false,"showFlares":true,"showImageEffects":true,"showParticleSystems":true,"showVisualEffectGraphs":true,"m_FxEnabled":true},"in2DMode":false,"pivot":{"x":-0.16768836975097657,"y":-0.330765962600708,"z":-0.5015103220939636},"rotation":{"x":0.27122899889945986,"y":0.029403025284409524,"z":-0.007087073288857937,"w":0.9618754386901856},"size":3.7713208198547365,"orthographic":false}